timestamp,norm_pos_x,norm_pos_y,screen_pos_x,screen_pos_y
0.000000,0.515696,0.472655,660.090454,379.688690
0.038746,0.515506,0.469121,659.847717,382.232819
0.066234,0.514924,0.467022,659.102600,383.743988
0.099975,0.514152,0.464666,658.114929,385.440826
0.132071,0.514089,0.462559,658.034119,386.957275
0.163959,0.514021,0.460973,657.946960,388.099182
0.200008,0.513956,0.459876,657.863647,388.889221
0.231981,0.513966,0.458467,657.876892,389.903595
0.268020,0.514194,0.456454,658.168152,391.353424
0.300037,0.514331,0.454852,658.343262,392.506683
0.331975,0.514637,0.453658,658.734802,393.366394
0.367982,0.514297,0.453458,658.300415,393.510254
0.400019,0.514681,0.453030,658.791138,393.818359
0.432036,0.514578,0.453164,658.659485,393.721985
0.467979,0.514731,0.453611,658.855530,393.400269
0.499940,0.514918,0.454541,659.095154,392.730560
0.535972,0.515013,0.454917,659.216187,392.459747
0.568024,0.515115,0.455666,659.347107,391.920502
0.599990,0.515035,0.456145,659.244507,391.575256
0.635977,0.514945,0.455980,659.130066,391.694641
0.667994,0.514589,0.455629,658.673828,391.946869
0.704028,0.514397,0.455406,658.427551,392.107605
0.735945,0.514351,0.455539,658.369263,392.012177
0.767957,0.514368,0.455872,658.390625,391.772308
0.804005,0.514370,0.456053,658.393494,391.641541
0.837328,0.514462,0.456241,658.511108,391.506470
0.867970,0.514780,0.456317,658.918884,391.451477
0.903961,0.514631,0.456371,658.727051,391.413208
0.936016,0.514585,0.456428,658.668701,391.372070
0.972007,0.514397,0.456493,658.428162,391.325287
2.311971,0.444587,0.448158,569.071228,397.326416
2.348424,0.444156,0.447669,568.519775,397.678223
2.379401,0.443649,0.447404,567.871033,397.869415
2.411966,0.443478,0.447706,567.651917,397.651917
2.443979,0.443424,0.447802,567.582642,397.582611
2.479989,0.443431,0.447616,567.592102,397.716339
2.511959,0.443315,0.447275,567.442749,397.962311
2.543961,0.443048,0.446800,567.101746,398.303680
2.579973,0.442582,0.446225,566.504333,398.718170
2.612028,0.442392,0.445886,566.261719,398.962433
2.643954,0.442257,0.445518,566.089600,399.226990
2.679991,0.442079,0.445372,565.861511,399.332184
2.711951,0.442082,0.445857,565.864807,398.982697
2.748013,0.441821,0.446191,565.531250,398.742584
2.779997,0.441758,0.446316,565.450378,398.652161
2.811947,0.441612,0.446217,565.263916,398.724060
2.847965,0.441702,0.446159,565.379028,398.765747
2.879926,0.441841,0.446141,565.556702,398.778168
2.912001,0.441962,0.445891,565.711365,398.958252
2.947935,0.442127,0.445632,565.922363,399.144928
2.979928,0.442019,0.444842,565.784363,399.714081
3.015955,0.442120,0.444313,565.913269,400.094452
3.047993,0.442014,0.443662,565.777283,400.563080
3.079952,0.441856,0.443269,565.576050,400.846375
3.115948,0.441757,0.443074,565.448608,400.986938
3.147956,0.441356,0.443240,564.935242,400.867493
3.179905,0.441174,0.443956,564.702576,400.351776
3.215945,0.441291,0.444551,564.852661,399.923126
3.247975,0.441143,0.445254,564.663452,399.416901
3.284012,0.441033,0.445592,564.522278,399.173676
5.359929,0.346581,0.446902,443.623901,398.230469
5.399927,0.345385,0.445954,442.092377,398.912903
5.427913,0.344186,0.445242,440.558044,399.425537
5.459891,0.343016,0.444943,439.060181,399.641357
5.495870,0.341840,0.445142,437.555511,399.497742
5.527981,0.340901,0.445797,436.352844,399.026306
5.559898,0.340110,0.446590,435.340637,398.455322
5.595969,0.339398,0.447312,434.429718,397.935242
5.628009,0.338508,0.447448,433.290253,397.837463
5.659932,0.337686,0.447443,432.237640,397.840820
5.695932,0.337059,0.447116,431.435608,398.076355
5.728063,0.336425,0.446980,430.623779,398.174408
5.763880,0.336145,0.446928,430.265778,398.211639
5.795892,0.335915,0.446563,429.970734,398.474884
5.827914,0.335767,0.446229,429.781525,398.715363
5.864087,0.335639,0.445940,429.617584,398.922943
5.896042,0.335691,0.445550,429.684082,399.203674
5.927982,0.335657,0.445238,429.640747,399.428802
5.963943,0.335823,0.445148,429.853394,399.493439
5.995904,0.335881,0.444614,429.928070,399.877777
6.031998,0.336261,0.443650,430.413574,400.571991
6.063911,0.336631,0.442441,430.887726,401.442169
6.095892,0.337052,0.440968,431.426941,402.503235
6.131979,0.337401,0.439756,431.873016,403.375610
6.163868,0.337383,0.438810,431.849884,404.057098
6.195911,0.337258,0.438671,431.690643,404.156830
6.232041,0.337156,0.438181,431.559937,404.509674
6.263882,0.337127,0.437434,431.522034,405.047699
6.299958,0.337032,0.436743,431.400696,405.545013
6.331879,0.337058,0.436141,431.434052,405.978729
8.443851,0.261982,0.430423,335.336426,410.095459
8.488425,0.261714,0.429697,334.993683,410.617981
8.516569,0.261602,0.428887,334.851044,411.201447
8.543842,0.261626,0.428340,334.881561,411.595245
8.575868,0.261659,0.427647,334.923248,412.093811
8.611904,0.261610,0.426973,334.860901,412.579498
8.643876,0.261449,0.425776,334.654114,413.441467
8.675832,0.261370,0.424563,334.553467,414.314331
8.711864,0.261131,0.423683,334.247772,414.947968
8.743866,0.260826,0.422925,333.857697,415.494202
8.779843,0.260097,0.422828,332.924133,415.564087
8.811910,0.259386,0.422782,332.014465,415.597229
8.843915,0.259215,0.422589,331.795135,415.735687
8.879936,0.259300,0.422757,331.903564,415.615204
8.911849,0.259630,0.422977,332.326172,415.456848
8.943858,0.259803,0.423546,332.548187,415.046997
8.979872,0.259960,0.423674,332.749054,414.954712
9.011852,0.259936,0.424003,332.717712,414.718018
9.049088,0.260033,0.423523,332.842834,415.063629
9.079885,0.260164,0.423474,333.009369,415.098541
9.111814,0.260277,0.422899,333.154755,415.512482
9.147846,0.260292,0.422958,333.174225,415.470398
9.179827,0.260249,0.423142,333.118225,415.337708
9.211835,0.260188,0.423558,333.040253,415.037964
9.247854,0.260181,0.423781,333.031586,414.877563
9.279854,0.260328,0.424177,333.219360,414.592285
9.315884,0.260591,0.424062,333.556030,414.675354
9.347893,0.260655,0.423774,333.638794,414.882416
9.379900,0.260764,0.423501,333.778412,415.079376
9.415946,0.260925,0.422730,333.984222,415.634399
10.655829,0.254923,0.535977,326.302032,334.096893
10.693760,0.253806,0.539658,324.871063,331.445953
10.720707,0.253255,0.543303,324.166321,328.821747
10.755813,0.252683,0.547051,323.434601,326.123535
10.787835,0.252415,0.550854,323.091034,323.385162
10.823808,0.251953,0.554731,322.500000,320.593567
10.855849,0.251615,0.558366,322.067230,317.976257
10.887790,0.251199,0.561806,321.535065,315.500000
10.923820,0.250883,0.565278,321.129822,313.000000
10.955807,0.250615,0.568663,320.786560,310.562561
10.988424,0.250594,0.571839,320.760742,308.275757
11.023814,0.250588,0.575059,320.752625,305.957703
11.055823,0.250957,0.577778,321.225586,304.000000
11.091826,0.251180,0.579666,321.510345,302.640411
11.123800,0.251713,0.580505,322.193237,302.036285
11.155835,0.252010,0.580883,322.572266,301.764069
11.191835,0.252356,0.580605,323.015686,301.964722
11.223834,0.252610,0.580132,323.340179,302.304871
11.257013,0.252755,0.580156,323.525787,302.287811
11.291827,0.252669,0.580233,323.415955,302.232330
11.326364,0.252538,0.580256,323.249237,302.215759
11.361179,0.252453,0.580525,323.139862,302.021820
11.391867,0.252532,0.580465,323.240356,302.065002
11.426050,0.252862,0.580530,323.662994,302.018433
11.459825,0.253014,0.580443,323.858093,302.081085
11.492065,0.253306,0.580543,324.231720,302.009064
11.524278,0.253344,0.580743,324.280823,301.865387
11.559814,0.253237,0.580238,324.143188,302.228790
11.592730,0.253250,0.579717,324.159454,302.603821
11.629761,0.253424,0.579330,324.382324,302.882294
12.867866,0.317226,0.568057,406.049805,310.998627
12.909009,0.318293,0.568056,407.415161,311.000000
12.936331,0.319079,0.568504,408.421234,310.677246
12.967833,0.319822,0.569070,409.371765,310.269745
12.999802,0.320785,0.569734,410.604553,309.791321
13.031782,0.321600,0.570317,411.648499,309.371796
13.067952,0.322667,0.570795,413.014160,309.027588
13.099751,0.323658,0.570855,414.281799,308.984070
13.135782,0.324526,0.570803,415.392914,309.021973
13.167839,0.325141,0.570788,416.180908,309.032410
13.199792,0.325857,0.570134,417.096741,309.503815
13.235809,0.326773,0.569523,418.268829,309.943481
13.267830,0.327728,0.569006,419.491608,310.315887
13.299796,0.328375,0.568694,420.320190,310.540497
13.335817,0.328868,0.568844,420.950714,310.432617
13.367765,0.329244,0.568918,421.432251,310.379059
13.403811,0.329362,0.568774,421.583038,310.482910
13.435815,0.329840,0.568764,422.195068,310.489929
13.467809,0.330125,0.568673,422.560486,310.555695
13.503796,0.330291,0.568729,422.772491,310.515411
13.535767,0.330224,0.568606,422.687073,310.603333
13.571840,0.330011,0.568274,422.414093,310.842743
13.603784,0.329599,0.568160,421.886841,310.924957
13.635783,0.329263,0.567925,421.456604,311.093658
13.671810,0.328801,0.567781,420.865692,311.197937
13.703802,0.328345,0.568033,420.281799,311.015930
13.735749,0.327915,0.568134,419.731171,310.943481
13.771777,0.327614,0.568571,419.346558,310.628906
13.803801,0.327439,0.568796,419.121735,310.466919
13.839808,0.327521,0.568799,419.226837,310.464478
15.779716,0.397168,0.547470,508.375580,325.821320
15.819992,0.398039,0.547037,509.490295,326.133179
15.850046,0.399092,0.546285,510.838257,326.675110
15.883778,0.400048,0.545874,512.061340,326.970947
15.915773,0.401143,0.545799,513.463074,327.024963
15.947711,0.402262,0.545774,514.895813,327.042633
15.983712,0.403498,0.545746,516.477295,327.062897
16.015871,0.404729,0.545642,518.053589,327.137634
16.047740,0.405841,0.545456,519.476624,327.271332
16.083756,0.406985,0.545529,520.941223,327.218994
16.115766,0.408198,0.544913,522.493286,327.662445
16.151748,0.409374,0.544554,523.998779,327.920807
16.183742,0.410165,0.544271,525.011353,328.124908
16.215805,0.410629,0.543924,525.604553,328.374939
16.251967,0.410944,0.543300,526.008362,328.824158
16.283753,0.411119,0.543218,526.232300,328.883118
16.315720,0.411345,0.543016,526.521667,329.028534
16.351804,0.411584,0.542636,526.827271,329.302307
16.383793,0.411857,0.541842,527.176453,329.874115
16.419705,0.412157,0.541539,527.560608,330.092133
16.451754,0.412445,0.541651,527.930115,330.011139
16.483727,0.412648,0.541817,528.188904,329.891785
16.519803,0.412638,0.541874,528.177002,329.850464
16.551739,0.412559,0.541956,528.075134,329.791595
16.583774,0.412531,0.541758,528.039856,329.934326
16.619755,0.412620,0.541184,528.153931,330.347473
16.651719,0.412797,0.540568,528.380371,330.791077
16.687722,0.412917,0.540593,528.533752,330.773041
16.719794,0.412993,0.541158,528.631104,330.366119
16.751733,0.413111,0.541108,528.781860,330.401886
18.429153,0.484513,0.534367,620.177246,335.255707
18.474091,0.485128,0.533532,620.963684,335.856964
18.506830,0.485380,0.533239,621.286560,336.068176
18.536815,0.485674,0.532942,621.663208,336.281677
18.568824,0.485734,0.532740,621.739380,336.427063
18.599282,0.485938,0.532639,622.000000,336.500000
18.631697,0.486212,0.532382,622.351990,336.685181
18.663692,0.486497,0.531922,622.715820,337.016266
18.696117,0.486279,0.531686,622.437134,337.185822
18.731960,0.486032,0.531535,622.120483,337.294495
18.763685,0.485967,0.531246,622.037537,337.503052
18.795724,0.485969,0.531265,622.040771,337.489197
18.831795,0.486045,0.531285,622.137085,337.474823
18.863805,0.486474,0.531599,622.686829,337.248840
18.900302,0.486838,0.531868,623.152039,337.054962
18.931687,0.487593,0.531874,624.119263,337.051056
18.963707,0.488248,0.531980,624.958008,336.974609
18.999766,0.488397,0.531751,625.148438,337.139313
19.032372,0.488386,0.531623,625.134094,337.231689
19.063687,0.488297,0.530851,625.020447,337.787292
19.099715,0.488360,0.530627,625.100281,337.948486
19.131734,0.488388,0.530543,625.137207,338.008850
19.168173,0.488384,0.531547,625.131836,337.286102
19.200411,0.488503,0.531967,625.284180,336.983734
19.231874,0.488908,0.532342,625.802490,336.713684
19.267665,0.489080,0.532560,626.022583,336.556946
19.299698,0.489223,0.533230,626.205017,336.074371
19.331658,0.489227,0.534077,626.210999,335.464722
19.368141,0.489062,0.535021,625.999084,334.785217
19.399701,0.489177,0.536225,626.145996,333.918121
22.354108,0.571997,0.548648,732.156311,324.973389
22.397672,0.573169,0.548679,733.656677,324.951111
22.428351,0.574274,0.548618,735.070618,324.994690
22.455429,0.575368,0.548619,736.470642,324.994476
22.483620,0.576204,0.549104,737.541016,324.645203
22.515667,0.577136,0.549183,738.734375,324.588226
22.551638,0.577996,0.549221,739.834351,324.560608
22.588459,0.578950,0.548848,741.056458,324.829498
22.621812,0.579846,0.548801,742.202881,324.863190
22.652528,0.580465,0.548513,742.994690,325.070648
22.683887,0.581011,0.548038,743.694275,325.412842
22.719666,0.581327,0.547470,744.098022,325.821442
22.751620,0.581573,0.547020,744.413452,326.145294
22.783628,0.581847,0.545875,744.764099,326.969818
22.819659,0.581965,0.545120,744.915039,327.513763
22.851632,0.582004,0.544921,744.965454,327.657043
22.883710,0.581982,0.545154,744.936829,327.489441
22.919622,0.581885,0.545857,744.812256,326.983093
22.951638,0.581570,0.546282,744.409912,326.677094
22.987721,0.581626,0.546220,744.481689,326.721893
23.024298,0.581966,0.546229,744.916687,326.715363
23.054075,0.582109,0.546226,745.099609,326.717590
23.087693,0.582167,0.546297,745.173401,326.665924
23.119700,0.582111,0.546427,745.101440,326.572510
23.155628,0.581957,0.546345,744.905457,326.631439
23.187642,0.581889,0.545957,744.817322,326.910889
23.219620,0.581962,0.545250,744.910889,327.420135
23.255689,0.582052,0.544499,745.026184,327.960846
23.289997,0.582035,0.544195,745.005371,328.179749
23.320394,0.581917,0.543883,744.853271,328.404114
25.867622,0.516954,0.853180,661.701477,105.710655
25.907099,0.517149,0.853609,661.951294,105.401718
25.938383,0.517423,0.853296,662.301575,105.627174
25.967543,0.517524,0.852807,662.430542,105.979301
26.003619,0.517448,0.852127,662.333374,106.468262
26.035589,0.517201,0.851237,662.016846,107.109016
26.067566,0.517028,0.850342,661.796265,107.753548
26.103578,0.516720,0.849522,661.402039,108.344063
26.143405,0.516105,0.848871,660.614685,108.813171
26.173299,0.515864,0.848745,660.306030,108.903313
26.204785,0.515287,0.848693,659.567871,108.940910
26.235597,0.514845,0.848945,659.001221,108.759697
26.271576,0.514607,0.848695,658.697205,108.939857
26.303558,0.514519,0.848611,658.584717,109.000000
26.335609,0.514721,0.848030,658.843384,109.418671
26.371580,0.515036,0.847868,659.246094,109.535324
26.403598,0.515187,0.847798,659.438904,109.585396
26.439540,0.515241,0.847398,659.509094,109.873756
26.471558,0.515188,0.847315,659.441040,109.932930
26.503618,0.515180,0.846908,659.430847,110.226494
26.539621,0.515165,0.846442,659.410889,110.561890
26.574124,0.515293,0.846010,659.574646,110.872520
26.607143,0.515291,0.845823,659.573059,111.007713
26.639570,0.515380,0.846226,659.686462,110.716965
26.671541,0.515334,0.846937,659.627991,110.205528
26.707566,0.515179,0.847214,659.428894,110.005829
26.739580,0.515014,0.847457,659.217651,109.831200
26.771567,0.514796,0.847403,658.939514,109.869560
26.807596,0.514630,0.847277,658.726318,109.960678
26.839568,0.514649,0.847147,658.750732,110.054253
29.083565,0.420808,0.837591,538.634827,116.934776
29.123096,0.419483,0.837448,536.938049,117.037109
29.154194,0.418163,0.836985,535.249146,117.370987
29.183582,0.417181,0.837002,533.991272,117.358803
29.219536,0.416336,0.836997,532.910095,117.361847
29.251589,0.415534,0.836946,531.883850,117.398865
29.287536,0.414722,0.836918,530.844788,117.418793
29.319517,0.413898,0.837010,529.789185,117.353119
29.351531,0.412890,0.836662,528.498779,117.603401
29.387532,0.412086,0.835998,527.469788,118.081543
29.419608,0.411181,0.835267,526.312012,118.607964
29.451577,0.410391,0.834177,525.300781,119.392845
29.487531,0.409943,0.833676,524.726746,119.753372
29.519536,0.409301,0.833615,523.905518,119.797035
29.555558,0.408747,0.833849,523.196350,119.628685
29.587566,0.408520,0.833572,522.905151,119.828133
29.619511,0.408617,0.833480,523.029358,119.894585
29.655524,0.408708,0.833625,523.146301,119.790276
29.687515,0.408944,0.833734,523.448486,119.711853
29.723505,0.408873,0.833932,523.357727,119.568802
29.755603,0.408760,0.834004,523.212219,119.517296
29.787490,0.408715,0.833916,523.155457,119.580513
29.830012,0.408717,0.833706,523.158264,119.731621
29.858111,0.408961,0.833220,523.469788,120.081543
29.887535,0.409009,0.832692,523.531128,120.461433
29.923520,0.408889,0.833056,523.378479,120.199776
29.955537,0.408735,0.833207,523.181396,120.090904
29.991536,0.408634,0.833507,523.051697,119.875038
30.023536,0.408684,0.833887,523.116150,119.601135
30.055539,0.408801,0.834111,523.265381,119.440361
31.767482,0.336553,0.819591,430.788177,129.894516
31.809465,0.335499,0.818665,429.438629,130.561371
31.843561,0.334558,0.817599,428.234650,131.328461
31.872077,0.333676,0.816654,427.105896,132.009323
31.899497,0.332942,0.815951,426.165619,132.514923
31.931520,0.332060,0.815484,425.036743,132.851196
31.967534,0.330981,0.815127,423.655975,133.108414
31.999506,0.329875,0.814964,422.240448,133.225586
32.035561,0.328557,0.814545,420.553131,133.527451
32.067504,0.327413,0.814008,419.088654,133.914185
32.099530,0.326155,0.813834,417.478729,134.039795
32.135467,0.324635,0.813771,415.532867,134.084961
32.167463,0.323276,0.813587,413.793365,134.217621
32.199492,0.322209,0.813594,412.427856,134.212296
32.235477,0.321465,0.813145,411.474701,134.535797
32.267551,0.321279,0.813065,411.236908,134.593399
32.303515,0.321003,0.812624,410.883606,134.910828
32.335471,0.320729,0.812821,410.533569,134.769165
32.367612,0.320602,0.813445,410.370514,134.319931
32.403528,0.320547,0.813764,410.300781,134.089645
32.435526,0.320635,0.813911,410.412964,133.984116
32.467482,0.320764,0.813777,410.578064,134.080811
32.503536,0.321126,0.813917,411.041168,133.979889
32.535480,0.321416,0.813930,411.413025,133.970093
32.571491,0.321536,0.813914,411.566193,133.982117
32.603535,0.321460,0.813690,411.468872,134.143112
32.635495,0.321282,0.812600,411.241180,134.927719
32.671472,0.320889,0.811445,410.737732,135.759537
32.705884,0.320630,0.810768,410.406616,136.247040
32.735811,0.320103,0.810417,409.731415,136.499481
34.311449,0.267179,0.791359,341.989258,150.221527
34.353568,0.266425,0.791464,341.023834,150.146179
34.382422,0.265181,0.791750,339.431488,149.939972
34.411443,0.263877,0.791750,337.763153,149.939896
34.447456,0.262710,0.791693,336.268738,149.980881
34.479452,0.261879,0.791687,335.205536,149.985199
34.515440,0.261251,0.791926,334.401367,149.813324
34.547496,0.260552,0.792362,333.506104,149.499313
34.579459,0.260054,0.792362,332.869110,149.499084
34.615438,0.259774,0.792503,332.510925,149.397598
34.647482,0.259651,0.792391,332.352905,149.478821
34.679453,0.259725,0.792730,332.448181,149.234543
34.715482,0.259723,0.792945,332.445374,149.079819
34.747458,0.259486,0.793292,332.141937,148.829803
34.783456,0.259208,0.793452,331.786285,148.714691
34.815462,0.258857,0.793313,331.337494,148.814804
34.847444,0.258613,0.792965,331.024811,149.065399
34.883449,0.258604,0.792296,331.013489,149.546600
34.915457,0.258522,0.791487,330.908630,150.129349
34.947448,0.258334,0.791057,330.668152,150.438904
34.983460,0.258169,0.791057,330.456451,150.438660
35.015482,0.257955,0.790999,330.181793,150.480667
35.051474,0.257844,0.790649,330.040771,150.732697
35.083465,0.257950,0.789957,330.175751,151.230850
35.115496,0.257955,0.789181,330.182159,151.789749
35.151477,0.258130,0.788752,330.406097,152.098434
35.183443,0.258218,0.788149,330.519592,152.532715
35.215417,0.258313,0.787293,330.640076,153.149399
35.251446,0.258386,0.786021,330.733704,154.064651
35.283458,0.258530,0.784429,330.918610,155.211151
37.259718,0.500653,0.461735,640.835571,387.550934
37.305481,0.503346,0.458014,644.283142,390.229950
37.338072,0.505929,0.453062,647.588684,393.795044
37.365483,0.508733,0.447957,651.177979,397.471008
37.395414,0.510909,0.443281,653.963623,400.837402
37.427373,0.512386,0.439345,655.854065,403.671356
37.463409,0.513249,0.435135,656.958984,406.702637
37.495397,0.513636,0.430855,657.454651,409.784058
37.527437,0.513973,0.427010,657.885437,412.552856
37.563764,0.514791,0.423263,658.932190,415.250824
37.595397,0.516137,0.418856,660.655029,418.423859
37.631465,0.517402,0.414304,662.274353,421.701233
37.663431,0.518457,0.409734,663.624695,424.991669
37.695417,0.519036,0.405154,664.365784,428.289124
37.731410,0.519054,0.401476,664.388794,430.936920
37.763453,0.518399,0.398686,663.551208,432.946289
37.799395,0.517480,0.397152,662.374878,434.050232
37.831889,0.516821,0.396257,661.531128,434.695007
37.863412,0.516703,0.395388,661.380066,435.320557
37.899397,0.516829,0.394721,661.541382,435.801086
37.931901,0.517048,0.393708,661.821411,436.530457
37.963422,0.517578,0.393058,662.499512,436.997986
37.999383,0.518035,0.392468,663.084900,437.423157
38.031380,0.518378,0.392118,663.524292,437.674896
38.067461,0.518443,0.392059,663.607178,437.717224
38.099420,0.518440,0.391820,663.603149,437.889526
38.131382,0.518575,0.391070,663.776123,438.429413
38.167385,0.518911,0.390318,664.206543,438.971222
38.199390,0.519378,0.389368,664.803284,439.654724
38.231369,0.519909,0.388815,665.483215,440.053375
38.273352,0.520076,0.388967,665.697510,439.944092
38.316663,0.520056,0.389257,665.671082,439.734833
38.347130,0.519668,0.389485,665.174988,439.570740
38.376532,0.519258,0.389860,664.649780,439.300629
38.406121,0.519068,0.390135,664.407227,439.102631
38.435359,0.518706,0.389930,663.943481,439.250244
38.467412,0.518405,0.389780,663.557861,439.358368
38.499391,0.517994,0.389230,663.031982,439.754333
38.535403,0.517461,0.388592,662.349915,440.213959
38.567353,0.516713,0.387501,661.392273,440.999481
38.603405,0.515623,0.386477,659.997620,441.736694
38.635375,0.514348,0.385506,658.365295,442.435913
38.667375,0.512513,0.384746,656.016846,442.983032
38.703413,0.510373,0.384389,653.277344,443.239868
38.735394,0.508335,0.384289,650.668823,443.312195
38.767363,0.506376,0.384140,648.161499,443.419403
38.803376,0.504919,0.383856,646.295715,443.623505
38.835342,0.503607,0.383767,644.617371,443.687958
38.871431,0.502351,0.384133,643.008667,443.424133
38.903348,0.501141,0.384521,641.460815,443.144745
38.935420,0.500049,0.384693,640.062500,443.020996
38.971387,0.499212,0.384528,638.991089,443.139862
39.003402,0.498634,0.384037,638.251465,443.493347
39.035394,0.498608,0.383442,638.217834,443.921936
39.071380,0.498874,0.383122,638.558167,444.152130
39.103357,0.499090,0.383055,638.835510,444.200592
39.139381,0.499206,0.383499,638.984131,443.880615
39.171390,0.499128,0.383858,638.883850,443.621948
39.203359,0.499066,0.384188,638.804810,443.384796
39.239378,0.499091,0.384332,638.836792,443.280609
40.815388,0.422389,0.396897,540.657898,434.234009
40.859710,0.420812,0.396921,538.639404,434.216858
40.889132,0.419282,0.396872,536.681519,434.252350
40.915357,0.417778,0.396761,534.756409,434.331787
40.947396,0.416208,0.396636,532.745728,434.422028
40.979326,0.414575,0.396974,530.656128,434.179047
41.015406,0.413395,0.397296,529.145264,433.947235
41.047336,0.412383,0.397166,527.850647,434.040680
41.083324,0.411418,0.396593,526.615601,434.453094
41.115365,0.410339,0.395859,525.234253,434.981659
41.147311,0.408993,0.394851,523.511353,435.707031
41.183409,0.407513,0.394093,521.617188,436.252747
41.215352,0.405874,0.394161,519.519043,436.203979
41.247323,0.404343,0.394444,517.559387,436.000000
41.283313,0.403089,0.395097,515.953674,435.530151
41.315313,0.402250,0.395945,514.879395,434.919525
41.351349,0.401859,0.396959,514.379883,434.189728
41.383347,0.401666,0.397723,514.131958,433.639740
41.415347,0.401337,0.398139,513.710938,433.339722
41.451372,0.401232,0.398509,513.576782,433.073578
41.483345,0.401269,0.398754,513.624390,432.897430
41.515304,0.401496,0.398534,513.914856,433.055389
41.551335,0.401972,0.398177,514.524109,433.312592
41.583309,0.402559,0.397828,515.275024,433.563660
41.619351,0.402888,0.397953,515.696777,433.473633
41.651343,0.403055,0.398468,515.909790,433.102814
41.683365,0.403360,0.398581,516.300232,433.021637
41.719350,0.403642,0.398748,516.661560,432.901733
41.751348,0.404129,0.398717,517.285461,432.923889
41.783380,0.404725,0.398659,518.047913,432.965729
43.191351,0.338499,0.416751,433.279022,419.939087
43.232432,0.336646,0.416429,430.907257,420.171356
43.262892,0.335065,0.415898,428.883820,420.553467
43.291326,0.333508,0.415510,426.889923,420.832825
43.327348,0.331779,0.415484,424.677734,420.851868
43.359309,0.329688,0.415789,422.000458,420.632111
43.395296,0.327728,0.416016,419.492218,420.468781
43.427293,0.325754,0.416029,416.965271,420.458954
43.459284,0.323679,0.416308,414.309662,420.258514
43.495830,0.321710,0.416589,411.788300,420.055817
43.527351,0.319594,0.416996,409.079803,419.763000
43.559325,0.317612,0.417466,406.543976,419.424561
43.595365,0.316140,0.417630,404.659637,419.306183
43.627318,0.314460,0.417540,402.509216,419.370941
43.663280,0.312877,0.417043,400.481934,419.729218
43.695332,0.311380,0.416797,398.566956,419.906403
43.727316,0.310397,0.416447,397.308350,420.158447
43.763349,0.309627,0.416130,396.322693,420.386078
43.795358,0.308988,0.415330,395.504974,420.962189
43.827288,0.308661,0.414690,395.085999,421.423157
43.863307,0.308932,0.413813,395.433380,422.054352
43.895432,0.309451,0.412955,396.097656,422.672729
43.931335,0.310139,0.412206,396.977936,423.211823
43.963295,0.310833,0.410851,397.866180,424.187378
43.995294,0.311394,0.409469,398.583832,425.182617
44.031328,0.311852,0.408267,399.169952,426.047760
44.063383,0.312278,0.407121,399.715637,426.872833
44.099309,0.312701,0.406007,400.256866,427.675293
44.131263,0.313087,0.405378,400.751709,428.128021
44.163304,0.313402,0.405113,401.154846,428.318298
45.773442,0.567466,0.443000,726.356750,401.040222
45.816965,0.572859,0.443672,733.259705,400.556396
45.850205,0.578044,0.444631,739.896912,399.865662
45.879793,0.583071,0.445451,746.330322,399.275604
45.907880,0.587564,0.446626,752.082336,398.428986
45.939267,0.591934,0.447321,757.675964,397.929199
45.975323,0.596382,0.447441,763.368835,397.842255
46.007293,0.600816,0.446773,769.044128,398.323242
46.039276,0.605020,0.445023,774.424988,399.583221
46.075276,0.608983,0.443025,779.498718,401.022156
46.107265,0.612560,0.440544,784.077148,402.808167
46.143305,0.615204,0.438882,787.460754,404.005066
46.175319,0.616839,0.437348,789.553772,405.109558
46.207296,0.617613,0.436194,790.545044,405.940063
46.243328,0.618017,0.435808,791.061768,406.217926
46.275256,0.618103,0.435647,791.171753,406.333832
46.307249,0.618103,0.435836,791.172363,406.197815
46.343347,0.618108,0.436092,791.178162,406.013885
46.375276,0.617904,0.435980,790.917664,406.094086
46.411343,0.618051,0.436003,791.105896,406.077820
46.443301,0.618377,0.435840,791.523071,406.195190
46.475242,0.618724,0.435427,791.966675,406.492401
46.511364,0.618983,0.434924,792.297852,406.854858
46.543269,0.619216,0.434569,792.596558,407.110138
46.575229,0.618979,0.434002,792.292969,407.518646
46.611276,0.618933,0.433299,792.234558,408.024780
46.643287,0.618679,0.432708,791.909485,408.450195
46.679374,0.618400,0.432460,791.551880,408.628815
46.711323,0.617904,0.432255,790.917419,408.776154
46.743311,0.617447,0.432651,790.332092,408.491425
47.919291,0.647237,0.426070,828.463379,413.229431
47.959718,0.648131,0.423560,829.607727,415.036621
47.987876,0.648741,0.421251,830.388245,416.699188
48.019252,0.648715,0.419031,830.355347,418.297913
48.051252,0.648310,0.417076,829.837341,419.705475
48.083210,0.647545,0.414876,828.858093,421.289276
48.119262,0.646489,0.412730,827.505981,422.834167
48.151206,0.645137,0.411067,825.775452,424.031952
48.187284,0.643801,0.409073,824.064758,425.467560
48.219208,0.642332,0.406947,822.184570,426.997833
48.251201,0.640817,0.404661,820.245544,428.644012
48.287223,0.639574,0.402675,818.654175,430.073853
48.319245,0.638409,0.400723,817.163269,431.479126
48.351238,0.637474,0.399150,815.967163,432.611786
48.387239,0.636667,0.398516,814.933350,433.068726
48.419191,0.636138,0.398358,814.256653,433.182220
48.455254,0.635684,0.397727,813.675964,433.636536
48.487242,0.635412,0.397444,813.327209,433.840454
48.519208,0.635232,0.397136,813.097107,434.062378
48.555254,0.635145,0.397038,812.985901,434.132477
48.587245,0.634968,0.396921,812.759521,434.216553
48.619236,0.634815,0.396690,812.562988,434.383179
48.655221,0.634664,0.396183,812.370544,434.748566
48.687255,0.634415,0.395886,812.050598,434.961792
48.723220,0.634263,0.395652,811.856689,435.130341
48.755231,0.634133,0.395280,811.689880,435.398376
48.787202,0.634069,0.395561,811.608215,435.196198
48.823335,0.633999,0.395858,811.518799,434.982086
48.855260,0.634001,0.396358,811.520935,434.622589
48.891204,0.634203,0.396539,811.780090,434.492035
50.899169,0.398343,0.053619,509.879395,681.394531
50.942186,0.398410,0.053366,509.964172,681.576477
50.967173,0.398076,0.053777,509.537811,681.280884
50.999155,0.397927,0.054820,509.346924,680.529602
51.035182,0.397953,0.055886,509.379333,679.762024
51.067177,0.397847,0.056484,509.244049,679.331848
51.099238,0.397994,0.057028,509.432404,678.940186
51.135160,0.397994,0.057922,509.432953,678.296387
51.167151,0.397480,0.059118,508.774597,677.435364
51.203196,0.397215,0.059760,508.434631,676.972717
51.235174,0.396790,0.060007,507.891174,676.794739
51.267149,0.396553,0.059281,507.587402,677.317444
51.303148,0.396522,0.058492,507.547791,677.885681
51.367167,0.396661,0.056963,507.725861,678.986877
51.435204,0.396248,0.057107,507.197113,678.882874
51.471192,0.396018,0.057433,506.902435,678.648315
51.503163,0.395892,0.058659,506.742340,677.765564
51.535194,0.395809,0.059881,506.635742,676.885498
51.571183,0.395685,0.060620,506.476685,676.353821
51.603193,0.395594,0.061268,506.359863,675.887207
51.635176,0.395255,0.061486,505.925934,675.730286
51.671167,0.394950,0.061774,505.536102,675.522644
51.703140,0.394575,0.062072,505.055725,675.307922
51.739142,0.394084,0.063064,504.427795,674.593933
51.771170,0.393338,0.064048,503.472717,673.885742
51.803144,0.392429,0.064966,502.308563,673.224121
51.839164,0.391669,0.065980,501.336914,672.494568
51.871206,0.391191,0.066547,500.724091,672.086426
51.903167,0.390881,0.067078,500.327454,671.703735
51.939166,0.390432,0.067088,499.752655,671.696289
52.675121,0.317330,0.102063,406.182098,646.514954
52.711237,0.311798,0.104881,399.100922,644.485535
52.743214,0.306616,0.107606,392.468567,642.523865
52.775127,0.301859,0.110112,386.379059,640.719177
52.811130,0.297460,0.112025,380.748810,639.341675
52.843131,0.293664,0.113429,375.890381,638.331116
52.875152,0.290114,0.114360,371.345306,637.660950
52.911137,0.287003,0.114788,367.363586,637.352417
52.979165,0.282065,0.116089,361.043610,636.416016
53.011217,0.279655,0.117392,357.958984,635.478027
53.043153,0.277380,0.118739,355.046997,634.507874
53.079145,0.275670,0.119955,352.856964,633.632568
53.111136,0.274581,0.120678,351.463348,633.111633
53.143179,0.274215,0.121220,350.994568,632.721741
53.179150,0.274049,0.121524,350.782440,632.502808
53.211118,0.273958,0.121477,350.666443,632.536316
53.247162,0.273898,0.121523,350.588959,632.503662
53.279118,0.273997,0.121278,350.716187,632.679871
53.311116,0.274414,0.121098,351.249573,632.809753
53.430795,0.276692,0.119673,354.165466,633.835632
53.454127,0.277527,0.119248,355.234161,634.141174
53.479196,0.278048,0.119055,355.900848,634.280701
53.515111,0.278481,0.118895,356.456024,634.395752
53.547165,0.279136,0.118964,357.294128,634.346252
53.579155,0.279799,0.119222,358.143280,634.160217
53.615164,0.280184,0.119691,358.636108,633.822754
53.700516,0.280590,0.120042,359.155365,633.569824
53.723069,0.280578,0.119810,359.140015,633.736694
53.747120,0.280609,0.119456,359.178986,633.991394
53.783172,0.280676,0.118969,359.265381,634.342224
54.551107,0.260331,0.136025,333.223419,622.062073
54.603936,0.256616,0.138056,328.469025,620.599426
54.628643,0.252598,0.140204,323.325684,619.053284
54.651459,0.248263,0.142549,317.777222,617.364563
54.687196,0.244006,0.144870,312.327850,615.693787
54.719145,0.239273,0.147969,306.268860,613.462158
54.787146,0.230486,0.153783,295.021515,609.276306
54.819102,0.226101,0.156867,289.408691,607.055603
54.855138,0.222094,0.159946,284.280182,604.838745
54.889980,0.218357,0.162869,279.497223,602.734558
54.919323,0.214823,0.165226,274.973938,601.036987
54.955153,0.211432,0.167404,270.632507,599.469299
54.987113,0.208513,0.168994,266.896301,598.324280
55.023156,0.205873,0.170203,263.517273,597.454041
55.055178,0.203765,0.171449,260.819305,596.556946
55.087105,0.202164,0.172670,258.769897,595.677917
55.123143,0.200855,0.173510,257.094147,595.073059
55.155169,0.199786,0.174456,255.726105,594.391785
55.255100,0.198396,0.175817,253.946564,593.412048
55.291139,0.198265,0.175992,253.778931,593.285400
55.323193,0.198102,0.176603,253.570847,592.845764
55.355122,0.198054,0.177178,253.509567,592.431702
55.391150,0.198348,0.177367,253.885574,592.295471
55.423162,0.198720,0.177383,254.361526,592.284180
55.459200,0.199039,0.177202,254.770432,592.414856
55.491118,0.199569,0.176274,255.448105,593.082703
55.523168,0.200374,0.175315,256.478943,593.773010
55.559135,0.200973,0.174589,257.245117,594.296143
55.591119,0.201569,0.174492,258.007690,594.366028
55.623162,0.202004,0.174683,258.564789,594.228271
55.659367,0.202354,0.175535,259.012909,593.614502
55.691244,0.202923,0.176041,259.741943,593.250183
55.727118,0.203243,0.177167,260.151398,592.439941
55.759164,0.203761,0.178030,260.813660,591.818054
55.791101,0.203996,0.178610,261.114838,591.400879
55.827097,0.204384,0.178938,261.611267,591.164490
55.891110,0.205297,0.179034,262.779724,591.095215
55.927114,0.205655,0.179522,263.238464,590.744202
55.995125,0.206623,0.180383,264.477631,590.123962
56.027109,0.207334,0.181231,265.387360,589.513611
56.059076,0.208655,0.181736,267.078033,589.149963
56.095101,0.210547,0.182639,269.500000,588.500000
56.127076,0.212262,0.183567,271.694855,587.831665
56.159145,0.213655,0.184120,273.477905,587.433838
56.195090,0.214792,0.184785,274.933746,586.955078
56.227136,0.216224,0.185042,276.766418,586.769592
56.263095,0.217781,0.185189,278.759613,586.663757
56.295185,0.219345,0.185425,280.761902,586.494080
56.327095,0.220881,0.185034,282.727905,586.775208
56.363104,0.222194,0.184556,284.408905,587.119324
56.395095,0.223147,0.184626,285.628235,587.069458
56.427094,0.223702,0.185284,286.338623,586.595398
56.463120,0.223555,0.186895,286.150024,585.435242
56.495068,0.223155,0.188927,285.638336,583.972412
56.531101,0.222868,0.190932,285.270599,582.529297
56.563067,0.222453,0.192820,284.739899,581.169678
56.663111,0.221495,0.196515,283.514038,578.509460
56.695077,0.221525,0.196946,283.552612,578.198547
56.731067,0.221530,0.197483,283.557831,577.812561
56.799090,0.221613,0.198086,283.665131,577.377991
58.943063,0.310903,0.169343,397.955505,598.072693
58.983616,0.317065,0.168825,405.842682,598.445923
59.011100,0.322719,0.168668,413.080170,598.559326
59.046089,0.328007,0.168688,419.848907,598.544617
59.075058,0.333468,0.168899,426.838745,598.392700
59.111116,0.339061,0.169016,433.997650,598.308838
59.175320,0.351063,0.169816,449.360474,597.732422
59.211069,0.357220,0.170133,457.241913,597.504150
59.243076,0.363288,0.170510,465.009186,597.232666
59.279100,0.369215,0.171058,472.594696,596.838562
59.311086,0.375442,0.171091,480.565979,596.814697
59.343060,0.381504,0.171368,488.324860,596.615356
59.379059,0.387483,0.171356,495.977997,596.623352
59.411054,0.393448,0.171485,503.613068,596.530884
59.443057,0.399085,0.171784,510.828644,596.315186
59.479136,0.404616,0.172232,517.908875,595.992676
59.647076,0.424886,0.172764,543.854370,595.609985
59.679045,0.426695,0.173138,546.169067,595.340759
59.747072,0.428073,0.174126,547.932861,594.629395
59.779028,0.428187,0.174407,548.079468,594.426819
59.815020,0.427922,0.174971,547.740723,594.021179
59.847041,0.427317,0.175717,546.965210,593.483826
59.879035,0.426509,0.176919,545.931580,592.618042
59.915082,0.425495,0.177706,544.633972,592.052002
59.979040,0.424133,0.179149,542.889954,591.012756
60.015020,0.423619,0.180035,542.232361,590.374695
60.047012,0.423247,0.180790,541.755676,589.830994
60.083061,0.423162,0.180587,541.646790,589.977417
60.115033,0.423068,0.180252,541.526794,590.218384
60.147027,0.422676,0.180169,541.025146,590.278625
60.183482,0.422078,0.180100,540.259827,590.327698
60.222876,0.421756,0.180093,539.848145,590.333313
60.251015,0.421727,0.179986,539.810364,590.410400
60.283031,0.421573,0.180107,539.613281,590.323181
60.315008,0.421281,0.180073,539.240295,590.347290
60.351038,0.421145,0.179867,539.066162,590.495605
60.383042,0.421196,0.179607,539.130249,590.682739
60.451053,0.422132,0.179320,540.329285,590.889526
60.483070,0.422718,0.178800,541.079407,591.263855
60.519038,0.423571,0.178432,542.171387,591.529236
60.551045,0.424745,0.177577,543.673096,592.144836
60.583111,0.425905,0.177064,545.158203,592.514160
60.619067,0.427658,0.176156,547.402588,593.167725
60.683064,0.432062,0.175528,553.039246,593.619751
60.719028,0.434750,0.175438,556.480469,593.684631
60.751050,0.436936,0.174934,559.278320,594.047607
60.787057,0.438765,0.174107,561.618958,594.642944
60.819063,0.440175,0.172966,563.424561,595.464233
60.851043,0.441133,0.172513,564.650208,595.790344
60.887034,0.441649,0.172342,565.310852,595.913574
61.018991,0.439665,0.174193,562.771118,594.580688
61.055063,0.438910,0.174587,561.804199,594.297424
61.155091,0.437006,0.177180,559.367798,592.430298
61.187035,0.436173,0.178109,558.301514,591.761597
61.287026,0.435202,0.180716,557.059082,589.884827
61.323001,0.435131,0.181588,556.967529,589.256775
61.355042,0.434879,0.182366,556.645630,588.696594
61.455054,0.434910,0.182327,556.685425,588.724915
61.487021,0.435186,0.182099,557.037842,588.888367
61.555051,0.435553,0.182582,557.507202,588.540955
62.763102,0.530065,0.184209,678.482910,587.369751
62.803369,0.533013,0.183653,682.256592,587.769897
62.832345,0.535449,0.183271,685.374207,588.045166
62.862982,0.537665,0.182947,688.211731,588.278076
62.894974,0.539665,0.182688,690.770935,588.464783
62.931002,0.541608,0.182448,693.257690,588.637207
62.963048,0.543287,0.182147,695.407349,588.854004
62.994993,0.544783,0.181988,697.322144,588.968811
63.031038,0.546254,0.181781,699.205444,589.117432
63.063384,0.547992,0.181546,701.429199,589.287231
63.131196,0.550335,0.181130,704.428162,589.586426
63.165272,0.550391,0.177778,704.500000,592.000000
63.199083,0.552331,0.181731,706.983887,589.153442
63.230988,0.553566,0.182647,708.564514,588.494446
63.262997,0.554518,0.182849,709.782715,588.348999
63.298993,0.555368,0.183463,710.871399,587.906311
63.330978,0.556439,0.184061,712.242249,587.475952
63.367059,0.557813,0.180556,714.000000,590.000000
63.399028,0.558449,0.184786,714.814270,586.953918
63.498957,0.560013,0.185073,716.816528,586.747253
63.534983,0.560280,0.185213,717.158081,586.646790
63.566988,0.560761,0.185508,717.774170,586.434143
63.598959,0.560968,0.185847,718.038940,586.189941
63.635085,0.561467,0.186324,718.677429,585.846619
63.667936,0.561806,0.186583,719.111694,585.660095
63.698992,0.560937,0.184028,718.000000,587.500000
63.734959,0.562500,0.183333,720.000000,588.000000
63.766999,0.562294,0.188250,719.736755,584.459839
63.802991,0.561874,0.189050,719.198120,583.884277
63.834980,0.561781,0.189440,719.079041,583.603149
64.906969,0.632906,0.195085,810.120178,579.539124
64.949313,0.636040,0.195322,814.131042,579.368225
64.978714,0.639029,0.195406,817.956970,579.307739
65.006951,0.641617,0.195618,821.269409,579.154846
65.042951,0.644141,0.191667,824.500000,582.000000
65.074974,0.645850,0.196080,826.687988,578.822144
65.106941,0.647558,0.196071,828.874756,578.829102
65.142987,0.648863,0.195722,830.544006,579.080505
65.174969,0.649723,0.195167,831.646057,579.479858
65.206950,0.650487,0.194389,832.623840,580.039734
65.242954,0.651066,0.193841,833.365112,580.434143
65.275015,0.651282,0.193747,833.640869,580.502441
65.310953,0.651477,0.193966,833.890015,580.344360
65.343015,0.651625,0.193930,834.080566,580.370300
65.374967,0.652171,0.194145,834.778442,580.215393
65.410999,0.652683,0.194633,835.433838,579.864319
65.443031,0.652902,0.194872,835.714417,579.691956
65.474968,0.652991,0.194677,835.828247,579.832275
65.510973,0.653074,0.194347,835.935242,580.070496
65.542977,0.652947,0.193663,835.772644,580.562683
65.578992,0.652603,0.192713,835.331848,581.246887
65.610993,0.652004,0.191926,834.565735,581.813110
65.642992,0.651298,0.191255,833.661011,582.296387
65.678990,0.650644,0.191117,832.823730,582.395996
65.710971,0.650008,0.191161,832.010071,582.364380
65.742964,0.649424,0.191360,831.263184,582.220764
65.779009,0.648941,0.191979,830.644165,581.775085
65.810963,0.648731,0.192247,830.375854,581.581970
65.846966,0.648772,0.192384,830.428711,581.483337
65.878966,0.648879,0.192522,830.565308,581.384094
66.782915,0.713423,0.215615,913.181824,564.757080
66.827541,0.716845,0.216626,917.562012,564.028931
66.858560,0.719666,0.216940,921.171875,563.802917
66.889050,0.722155,0.217146,924.358643,563.655029
66.919013,0.724005,0.217000,926.726746,563.760193
66.950952,0.723437,0.216667,926.000000,564.000000
66.982932,0.726640,0.216709,930.099792,563.969849
67.018953,0.727145,0.216823,930.745422,563.887451
67.050932,0.727377,0.216810,931.042053,563.896484
67.086944,0.727522,0.216962,931.228271,563.787170
67.118978,0.727632,0.216684,931.369446,563.987610
67.150934,0.727579,0.216401,931.300720,564.191345
67.186954,0.727103,0.216433,930.691528,564.168518
67.218966,0.726827,0.216216,930.338623,564.324524
67.250964,0.726731,0.215938,930.216003,564.524292
67.286956,0.726508,0.215520,929.930359,564.825439
67.318972,0.726093,0.215486,929.398865,564.849792
67.354978,0.725647,0.215513,928.827576,564.830444
67.386996,0.725256,0.215664,928.327087,564.722229
67.418952,0.724592,0.215899,927.477600,564.552734
67.454918,0.723750,0.215927,926.399597,564.532593
67.486945,0.722923,0.216016,925.341858,564.468811
67.518957,0.721993,0.215866,924.151550,564.576660
67.554996,0.721393,0.215825,923.382507,564.605896
67.586911,0.720866,0.215540,922.708008,564.811523
67.622923,0.720444,0.214894,922.168701,565.276489
67.654934,0.719779,0.214352,921.316895,565.666870
67.686980,0.719170,0.213862,920.538086,566.019470
67.722986,0.718868,0.213877,920.151184,566.008484
67.754977,0.718414,0.213868,919.569336,566.014893
68.994881,0.558524,0.405877,714.910339,427.768219
69.036587,0.555518,0.406039,711.063660,427.651642
69.066465,0.552233,0.407011,706.858032,426.951904
69.095384,0.549596,0.407995,703.483459,426.243835
69.130929,0.547385,0.408034,700.653015,426.215790
69.162905,0.545271,0.408285,697.947083,426.034851
69.194904,0.543489,0.408877,695.665955,425.608337
69.231130,0.542390,0.409994,694.259094,424.803986
69.263202,0.541666,0.411327,693.332275,423.844818
69.294876,0.541374,0.412664,692.958435,422.882019
69.330992,0.541708,0.413513,693.386536,422.270355
69.362869,0.542686,0.412972,694.637451,422.660095
69.398877,0.544118,0.411935,696.471008,423.406555
69.430924,0.545694,0.411080,698.488159,424.022217
69.462881,0.547280,0.410754,700.517761,424.256775
69.498893,0.548583,0.410911,702.185852,424.144104
69.530957,0.549460,0.411201,703.309021,423.935486
69.562889,0.550200,0.411178,704.256348,423.951965
69.598904,0.550562,0.411362,704.719727,423.819122
69.630919,0.550604,0.411797,704.773560,423.506470
69.666874,0.550374,0.411835,704.478516,423.478485
69.698967,0.550232,0.411934,704.296448,423.407288
69.730876,0.550114,0.412090,704.146240,423.295074
69.766927,0.550095,0.412049,704.122009,423.324799
69.798918,0.550172,0.412201,704.219849,423.215057
69.834923,0.550222,0.411742,704.284424,423.546021
69.866867,0.550395,0.411375,704.505371,423.810333
69.898898,0.550392,0.410842,704.501953,424.193878
69.934965,0.550469,0.410160,704.600281,424.684845
69.966929,0.550872,0.409594,705.115662,425.092102
70.804357,0.509843,0.466759,652.598999,383.933563
70.855894,0.504457,0.468650,645.704468,382.571960
70.883580,0.499448,0.469858,639.293823,381.701904
70.909701,0.494989,0.470475,633.585754,381.258301
70.940263,0.491377,0.470625,628.962036,381.149689
70.970917,0.488289,0.470936,625.009521,380.926208
71.006966,0.485617,0.471222,621.590088,380.720398
71.038892,0.483687,0.471423,619.119873,380.575623
71.070992,0.482441,0.471367,617.525024,380.616058
71.106912,0.481617,0.471184,616.469849,380.747528
71.138849,0.481080,0.470820,615.782654,381.009796
71.174892,0.480977,0.470435,615.650818,381.287048
71.206888,0.481111,0.469420,615.822327,382.017426
71.238859,0.481034,0.468709,615.723206,382.529694
71.274904,0.480851,0.468512,615.489014,382.671112
71.306933,0.480686,0.468781,615.277832,382.477905
71.338874,0.480308,0.469377,614.794128,382.048248
71.374845,0.479978,0.470313,614.372070,381.374969
71.406844,0.479666,0.470992,613.972778,380.885620
71.442861,0.479451,0.471675,613.696655,380.394287
71.474871,0.479475,0.472348,613.727966,379.909271
71.506875,0.479450,0.473415,613.695923,379.140991
71.542925,0.479432,0.474480,613.672668,378.374268
71.574870,0.479543,0.475264,613.814514,377.810059
71.610873,0.479658,0.475691,613.962585,377.502136
71.642913,0.479587,0.475735,613.871948,377.470490
71.674861,0.479349,0.475605,613.567200,377.564514
71.710879,0.479231,0.475639,613.415710,377.539764
71.742904,0.479206,0.475760,613.383484,377.453003
71.774879,0.479168,0.476293,613.334900,377.068756
72.514894,0.436329,0.421397,558.501343,416.594086
72.562381,0.435311,0.414968,557.197510,421.223053
72.594758,0.435131,0.408892,556.967590,425.597931
72.625142,0.435452,0.402582,557.379028,430.140869
72.655198,0.437091,0.395937,559.476746,434.925110
72.683462,0.440343,0.388329,563.638855,440.403259
72.714854,0.444362,0.381788,568.783264,445.112335
72.746880,0.447949,0.377825,573.374878,447.965729
72.782847,0.450854,0.375081,577.092651,449.942017
72.814887,0.453448,0.372417,580.413147,451.859619
72.848467,0.455708,0.370126,583.306396,453.509491
72.882904,0.457738,0.368412,585.904419,454.743713
72.914812,0.459354,0.367064,587.972778,455.713959
72.950848,0.460921,0.366113,589.978333,456.398834
73.014910,0.463218,0.365133,592.919617,457.104370
73.050972,0.464017,0.364523,593.941833,457.543396
73.082862,0.464834,0.363907,594.987549,457.987030
73.118819,0.465654,0.363798,596.036987,458.065704
73.160196,0.466379,0.363860,596.965637,458.020752
73.195104,0.467039,0.363979,597.810486,457.935059
73.255334,0.468122,0.363896,599.196777,457.995087
73.282823,0.468683,0.363493,599.914673,458.284851
73.318815,0.469140,0.363147,600.498657,458.533936
73.350842,0.469453,0.363010,600.899536,458.632446
73.386831,0.469519,0.363166,600.984070,458.520325
73.418852,0.469500,0.363828,600.959412,458.043640
73.450856,0.469527,0.364606,600.995178,457.483978
73.486859,0.469480,0.365516,600.934204,456.828705
73.518889,0.469700,0.366035,601.215942,456.454773
73.550877,0.470320,0.366206,602.009766,456.331512
74.190845,0.503033,0.381554,643.881836,445.281067
74.234001,0.511119,0.383041,654.232056,444.210205
74.291875,0.529334,0.385103,677.547974,442.726074
74.322868,0.539363,0.385465,690.384583,442.465057
74.354810,0.549759,0.385836,703.691772,442.198242
74.390853,0.559738,0.386128,716.465210,441.987640
74.422831,0.569536,0.386546,729.006409,441.687042
74.458847,0.578223,0.387555,740.125610,440.960571
74.490831,0.586041,0.388666,750.132263,440.160248
74.522863,0.593303,0.389730,759.428223,439.394470
74.558916,0.599869,0.390804,767.832275,438.620941
74.590841,0.606537,0.392014,776.367737,437.750275
74.626797,0.612413,0.393399,783.888306,436.753021
74.658846,0.617042,0.394995,789.813843,435.603333
74.690914,0.620926,0.396297,794.785156,434.666321
74.726848,0.624691,0.396978,799.604858,434.175812
74.758899,0.628710,0.397963,804.749084,433.466522
74.790883,0.632673,0.399211,809.821350,432.568359
74.826865,0.636109,0.400189,814.219788,431.864258
74.858829,0.639131,0.400632,818.088013,431.545074
74.894789,0.641931,0.400629,821.671143,431.547089
74.926822,0.644283,0.400576,824.682678,431.585144
74.958819,0.645901,0.400417,826.753906,431.699646
74.994829,0.646866,0.400519,827.988708,431.626617
75.026833,0.647467,0.400575,828.757507,431.586029
75.058858,0.647614,0.400979,828.946472,431.295044
75.094888,0.647481,0.401625,828.775452,430.830261
75.126807,0.646986,0.402307,828.142517,430.339233
75.162838,0.646801,0.402395,827.904663,430.275482
75.194912,0.646528,0.402326,827.555298,430.325012
75.240560,0.646273,0.402275,827.228882,430.362152
75.286327,0.646055,0.402092,826.950989,430.494110
75.316751,0.645860,0.401790,826.700806,430.711426
75.346421,0.646063,0.400996,826.961243,431.282837
75.374056,0.646219,0.400332,827.159912,431.761047
75.403461,0.646665,0.399852,827.731079,432.106842
75.433528,0.646821,0.400041,827.930359,431.970581
75.462842,0.646575,0.400653,827.615723,431.529694
75.494826,0.646191,0.401089,827.124634,431.215729
75.530802,0.646071,0.401830,826.970459,430.682220
75.562796,0.646124,0.402198,827.039062,430.417755
75.594774,0.646104,0.402503,827.013672,430.197571
75.630841,0.645952,0.402385,826.818787,430.283051
75.662819,0.645742,0.401656,826.549744,430.807770
75.698964,0.645601,0.400512,826.369446,431.631195
75.730800,0.645458,0.399778,826.185913,432.159790
75.762822,0.646089,0.399353,826.993835,432.465546
75.798819,0.647291,0.399322,828.532654,432.488220
75.830803,0.648982,0.399915,830.696838,432.061005
75.862831,0.650806,0.400554,833.031555,431.601074
75.898830,0.653145,0.400428,836.025635,431.691925
75.930797,0.655933,0.400116,839.594299,431.916687
75.966843,0.659048,0.400196,843.581543,431.858582
75.998802,0.662094,0.401136,847.480835,431.181793
76.030780,0.664768,0.401826,850.902710,430.685272
76.066835,0.667199,0.402747,854.014954,430.021973
76.098838,0.669860,0.404460,857.420471,428.788605
76.130787,0.673080,0.406142,861.542297,427.577454
76.166763,0.676335,0.408116,865.709351,426.156525
76.198762,0.679310,0.410412,869.516663,424.503662
77.742785,0.728298,0.426348,932.221985,413.029633
77.793266,0.730994,0.427368,935.672913,412.295349
77.825846,0.734014,0.428583,939.538330,411.420380
77.852376,0.737148,0.429582,943.548950,410.701050
77.879657,0.740321,0.429978,947.610962,410.415955
77.910784,0.743330,0.429944,951.462219,410.440399
77.942745,0.746275,0.428404,955.231689,411.549164
79.082769,0.772316,0.478967,988.564270,375.143463
79.292964,0.774004,0.508610,990.725037,353.800842
79.348922,0.773430,0.512498,989.989990,351.001678
79.383137,0.771158,0.520456,987.081909,345.271515
79.416751,0.770274,0.523964,985.950562,342.745667
79.451607,0.769716,0.527163,985.237000,340.442352
79.482885,0.769439,0.529602,984.882324,338.686523
79.518747,0.769258,0.531818,984.650879,337.090698
79.561718,0.768986,0.533224,984.302429,336.078583
79.591244,0.768849,0.534312,984.127258,335.295319
79.619299,0.768195,0.534930,983.289917,334.850311
79.650771,0.767631,0.535356,982.567810,334.543884
79.686808,0.767242,0.535560,982.069275,334.396912
79.718755,0.767253,0.535988,982.083252,334.088623
79.750722,0.767415,0.536145,982.291443,333.975647
79.790378,0.767452,0.536252,982.338623,333.898712
79.818787,0.767366,0.536319,982.228271,333.850403
79.850760,0.767342,0.536290,982.197571,333.871124
79.886768,0.767222,0.536181,982.043579,333.949493
79.918711,0.767154,0.536264,981.956909,333.890106
79.954755,0.767073,0.536525,981.852905,333.702179
79.986785,0.767002,0.536562,981.762268,333.675537
80.018720,0.767201,0.536196,982.016846,333.938812
80.054734,0.767609,0.535974,982.539124,334.099060
80.086706,0.767813,0.536100,982.800171,334.008270
80.118757,0.767780,0.536143,982.757935,333.977081
80.154720,0.767487,0.536076,982.383423,334.025299
80.186737,0.767204,0.535686,982.021545,334.305847
80.222753,0.767028,0.535258,981.796021,334.614014
80.254761,0.766623,0.534881,981.276917,334.885986
80.286769,0.766445,0.534360,981.049377,335.260468
81.394737,0.758960,0.622245,971.469299,271.983582
81.439820,0.758829,0.623257,971.301636,271.254822
81.473743,0.758666,0.624484,971.092773,270.371735
81.501630,0.758311,0.626100,970.638611,269.208038
81.527832,0.757901,0.627995,970.113342,267.843628
81.562737,0.757325,0.629950,969.375427,266.436340
81.594712,0.756784,0.631490,968.683044,265.326965
81.626736,0.756524,0.633353,968.351135,263.985657
81.662691,0.756644,0.634953,968.503967,262.833710
81.694808,0.756975,0.636065,968.928406,262.033051
81.730725,0.757262,0.636860,969.295410,261.460480
81.762753,0.757282,0.637660,969.320557,260.884888
81.794744,0.756995,0.638392,968.953735,260.357880
81.830723,0.756588,0.639224,968.432495,259.758942
81.862757,0.755887,0.639507,967.534729,259.555237
81.894687,0.755080,0.639481,966.502075,259.574036
81.930734,0.754185,0.639185,965.357300,259.786499
81.962697,0.753168,0.638246,964.054443,260.462860
81.998704,0.752144,0.637405,962.744324,261.068542
82.030767,0.751557,0.636757,961.992981,261.534943
82.062669,0.751243,0.636697,961.590576,261.577881
82.098706,0.751049,0.637202,961.342834,261.214661
82.130686,0.750656,0.637537,960.840271,260.973206
82.162749,0.750306,0.637365,960.392029,261.097076
82.198726,0.749593,0.637225,959.479309,261.198090
82.230717,0.748892,0.637491,958.581726,261.006317
82.266710,0.748354,0.636820,957.892822,261.489441
82.298692,0.748092,0.636525,957.557434,261.701721
82.330690,0.747840,0.636121,957.234741,261.992584
82.366687,0.747386,0.635683,956.653687,262.308594
85.482703,0.347421,0.258744,444.698334,533.704407
85.550615,0.340023,0.257944,435.229675,534.280334
85.582662,0.335866,0.258331,429.908081,534.001343
85.614612,0.331559,0.259767,424.395905,532.967834
85.650632,0.326911,0.261767,418.446350,531.527832
85.782610,0.304866,0.282381,390.228271,516.685364
86.018623,0.282618,0.312177,361.751221,495.232239
86.086622,0.279134,0.315843,357.291107,492.593140
86.118685,0.277544,0.317684,355.256683,491.267517
86.150635,0.276086,0.318691,353.390076,490.542542
86.186630,0.274660,0.319197,351.564331,490.178070
86.218666,0.273144,0.319331,349.624451,490.081543
86.254592,0.271694,0.319502,347.767731,489.958618
86.286681,0.273438,0.319444,350.000000,490.000000
86.318620,0.270464,0.318693,346.193604,490.540985
86.354619,0.270313,0.320833,346.000000,489.000000
86.386632,0.270102,0.316301,345.730835,492.263489
86.418634,0.269834,0.314868,345.387177,493.295135
86.454592,0.269596,0.313689,345.082794,494.143616
86.554672,0.272266,0.309722,348.500000,497.000000
86.586633,0.270825,0.311601,346.655365,495.647095
86.622652,0.271544,0.310791,347.576843,496.230835
86.654613,0.272266,0.309955,348.499908,496.832489
86.686594,0.273022,0.308704,349.467804,497.733398
86.722650,0.273626,0.307535,350.240753,498.574524
86.790618,0.274664,0.304844,351.569336,500.512115
86.822713,0.275182,0.303800,352.233368,501.264008
86.890618,0.275823,0.302436,353.052917,502.246155
86.922741,0.276189,0.302061,353.521606,502.516418
86.990663,0.276429,0.302575,353.828491,502.145660
87.022591,0.276206,0.303368,353.543884,501.574860
87.058626,0.275974,0.303593,353.246979,501.413391
87.090602,0.275810,0.303603,353.037140,501.405487
87.122585,0.275580,0.303373,352.741791,501.571198
87.158597,0.275429,0.303279,352.548981,501.639221
87.190670,0.275310,0.303255,352.396606,501.656403
88.966710,0.495844,0.322301,634.680176,487.943115
89.014490,0.497546,0.323286,636.859192,487.234222
89.043828,0.498852,0.324149,638.530701,486.612457
89.070177,0.499900,0.325073,639.872375,485.947449
89.166773,0.502815,0.328490,643.603088,483.486938
89.234621,0.503919,0.331152,645.015686,481.570496
89.302565,0.503911,0.334102,645.005554,479.446594
89.334591,0.503789,0.335541,644.850525,478.410675
89.434591,0.503178,0.338914,644.067383,475.982178
89.470589,0.502764,0.339752,643.537903,475.378693
89.502587,0.502364,0.339792,643.026062,475.349731
89.538575,0.502114,0.339349,642.705383,475.668671
89.570601,0.501900,0.338617,642.432129,476.195404
89.602588,0.501735,0.337669,642.220459,476.878357
89.670582,0.501533,0.336884,641.962402,477.443726
89.702578,0.501413,0.337196,641.808167,477.219238
89.738593,0.501419,0.337787,641.816223,476.793640
89.770555,0.501627,0.338215,642.082397,476.485291
89.806576,0.502255,0.338645,642.886780,476.175812
89.838613,0.502791,0.338996,643.571960,475.923126
89.870587,0.503161,0.339214,644.045532,475.765656
89.906576,0.503080,0.339528,643.942200,475.539581
89.938576,0.502935,0.339521,643.756409,475.544891
89.970610,0.502750,0.339634,643.519470,475.463470
90.038615,0.502493,0.336442,643.190857,477.762054
90.074624,0.503032,0.340495,643.881226,474.843323
90.106594,0.503275,0.341001,644.191467,474.479614
90.138544,0.503675,0.341329,644.703735,474.242828
90.206561,0.504111,0.343135,645.262268,472.943085
90.238542,0.504348,0.343732,645.565491,472.513123
91.146595,0.550268,0.377143,704.343445,448.457031
91.191932,0.552623,0.379046,707.357544,447.087036
91.224180,0.554649,0.381791,709.951111,445.110199
91.279620,0.557349,0.387272,713.406433,441.164307
91.314570,0.558675,0.389227,715.103516,439.756592
91.346574,0.560388,0.390909,717.296875,438.545166
91.414654,0.564497,0.393940,722.556213,436.363495
91.446544,0.566503,0.395407,725.123779,435.307068
91.478523,0.568491,0.397093,727.668030,434.092987
91.514623,0.570703,0.401389,730.500000,431.000000
91.546519,0.571467,0.399220,731.478333,432.561707
91.582566,0.572505,0.399284,732.806274,432.515625
91.614560,0.573047,0.394444,733.500000,436.000000
91.646550,0.573470,0.398161,734.041870,433.323730
91.682660,0.573448,0.397451,734.013123,433.835327
91.714558,0.573016,0.396837,733.459961,434.277679
91.746556,0.572723,0.395976,733.085510,434.896942
91.782564,0.572635,0.395084,732.973389,435.539398
91.814540,0.572767,0.394996,733.141785,435.602875
91.850806,0.573001,0.395634,733.440674,435.143707
91.882533,0.573504,0.396673,734.085693,434.395386
91.914557,0.574299,0.397674,735.103333,433.674805
91.983660,0.575828,0.399008,737.060120,432.713989
92.015080,0.576348,0.399256,737.725769,432.535431
92.050562,0.576532,0.399407,737.961426,432.427246
92.082650,0.576500,0.399912,737.919373,432.063202
92.118550,0.576507,0.400026,737.929016,431.981232
92.150608,0.576377,0.400108,737.763062,431.922211
92.182532,0.576346,0.399791,737.722534,432.150146
92.218585,0.576303,0.399313,737.667786,432.494995
93.054545,0.597885,0.419228,765.293274,418.155731
93.095847,0.600645,0.421159,768.825745,416.765533
93.131223,0.603553,0.423873,772.547363,414.811798
93.166016,0.606454,0.427013,776.260864,412.550812
93.197983,0.609061,0.429932,779.597656,410.448730
93.230594,0.611643,0.432840,782.902527,408.354950
93.262717,0.613992,0.435475,785.909424,406.457703
93.290551,0.616180,0.437754,788.710876,404.817322
93.322553,0.618066,0.439269,791.124451,403.726654
93.358546,0.619503,0.440470,792.963806,402.861755
93.390579,0.620309,0.441630,793.995361,402.026489
93.422508,0.621032,0.442334,794.921326,401.519348
93.458522,0.622068,0.442628,796.246521,401.307587
93.490545,0.623380,0.442655,797.927002,401.288116
93.522490,0.624595,0.442249,799.482056,401.580872
93.558544,0.625532,0.441799,800.681396,401.904877
93.590547,0.626096,0.441478,801.402710,402.135529
93.626562,0.626041,0.440954,801.332153,402.513397
93.658518,0.625639,0.440296,800.818420,402.986969
93.690505,0.625505,0.439552,800.645935,403.522339
93.726579,0.625382,0.438738,800.489197,404.108368
93.758585,0.625086,0.438490,800.110291,404.287384
93.790632,0.624645,0.438551,799.545776,404.243286
93.826569,0.623951,0.438520,798.656738,404.265625
93.858524,0.623177,0.438138,797.666565,404.540802
93.894506,0.622365,0.437362,796.627319,405.099487
93.926553,0.621623,0.436831,795.677673,405.481628
93.958809,0.621079,0.436426,794.981445,405.773102
93.994549,0.620786,0.436308,794.605591,405.858307
94.026546,0.620577,0.436556,794.338196,405.679962
94.998483,0.535365,0.480694,685.266724,373.900238
95.041337,0.530713,0.481066,679.313049,373.632782
95.071511,0.526137,0.479871,673.455505,374.492920
95.098488,0.521889,0.477985,668.018494,375.850586
95.134540,0.518037,0.475589,663.086914,377.575928
95.166510,0.514385,0.473395,658.412292,379.155914
95.198479,0.511000,0.471432,654.079529,380.568878
95.234510,0.507909,0.470129,650.123474,381.507111
95.298497,0.502609,0.469476,643.338989,381.977417
95.334512,0.500464,0.469906,640.594543,381.667877
95.366460,0.498671,0.469812,638.298523,381.735107
95.402495,0.497501,0.469278,636.801208,382.119812
95.434508,0.496691,0.468311,635.764954,382.816132
95.466476,0.495947,0.467774,634.812561,383.202911
95.502495,0.495086,0.466842,633.709656,383.873657
95.534495,0.494391,0.466073,632.819885,384.427521
95.570512,0.493600,0.464958,631.807861,385.229919
95.602472,0.492671,0.463637,630.619324,386.181061
95.634517,0.491613,0.462459,629.264160,387.029236
95.670559,0.490769,0.461458,628.184631,387.750031
95.702527,0.490050,0.461360,627.263367,387.821045
95.734486,0.489404,0.461403,626.436951,387.789581
95.770491,0.489012,0.461681,625.935486,387.589813
95.802546,0.488661,0.461922,625.486328,387.416199
95.838467,0.488374,0.461951,625.118591,387.395203
95.870545,0.488266,0.461786,624.980713,387.514404
95.902517,0.487976,0.461489,624.609497,387.727753
95.938505,0.487770,0.461304,624.345337,387.860901
95.970503,0.487712,0.461188,624.270935,387.944489
96.002498,0.488672,0.465278,625.500000,385.000000
96.706548,0.461361,0.502838,590.541870,357.956696
96.746897,0.459717,0.504249,588.438354,356.940399
96.778299,0.458192,0.505502,586.486206,356.038513
96.806486,0.456743,0.506599,584.631531,355.248962
96.842521,0.455174,0.507343,582.622681,354.712738
96.874497,0.453489,0.508076,580.466492,354.185364
96.910469,0.451884,0.508353,578.411316,353.985779
96.942933,0.450251,0.508525,576.320801,353.861877
96.974466,0.448738,0.508166,574.384399,354.120758
97.010498,0.447517,0.507519,572.822083,354.586365
97.042527,0.446350,0.506747,571.328491,355.142212
97.074456,0.445302,0.506205,569.986267,355.532410
97.110455,0.444507,0.505144,568.968567,356.296265
97.142524,0.443825,0.504798,568.096069,356.545654
97.180526,0.443254,0.504573,567.365601,356.707336
97.211245,0.442924,0.504070,566.942993,357.069427
97.242444,0.442771,0.503578,566.746399,357.423615
97.278555,0.442748,0.503111,566.718079,357.760437
97.311085,0.442613,0.502047,566.545227,358.526520
97.346628,0.442536,0.501471,566.445984,358.940613
97.378499,0.442371,0.501291,566.234253,359.070312
97.410475,0.442249,0.501368,566.078369,359.015259
97.478493,0.442234,0.501756,566.059998,358.735992
97.510456,0.442777,0.501944,566.754761,358.600250
97.546465,0.443130,0.502151,567.206116,358.451538
97.578429,0.443353,0.502004,567.491760,358.557281
97.615716,0.443275,0.501546,567.391541,358.886780
97.646510,0.443209,0.501029,567.308044,359.259369
97.678475,0.443172,0.500766,567.260254,359.448639
97.714494,0.443424,0.500407,567.583130,359.707062
98.818449,0.368286,0.492799,471.406281,365.184937
98.858269,0.367992,0.492024,471.030304,365.742554
98.887783,0.367616,0.491568,470.547974,366.070984
98.918475,0.367348,0.490422,470.205780,366.895905
98.954515,0.366714,0.489027,469.394073,367.900238
98.986474,0.365892,0.487667,468.341583,368.879761
99.018445,0.364689,0.486359,466.801605,369.821747
99.054482,0.363370,0.485361,465.114014,370.540039
99.086493,0.361727,0.484903,463.010468,370.869904
99.122427,0.360133,0.484709,460.970856,371.009247
99.154507,0.358574,0.484644,458.974152,371.056671
99.186560,0.357306,0.484740,457.351257,370.987000
99.222457,0.356315,0.484978,456.083679,370.815674
99.254471,0.355420,0.485299,454.937927,370.584625
99.286568,0.354493,0.485609,453.751373,370.361206
99.322435,0.353501,0.486001,452.481842,370.079285
99.354408,0.352525,0.486108,451.232361,370.002258
99.390452,0.351810,0.486156,450.317139,369.967926
99.422548,0.351384,0.486306,449.771790,369.859955
99.455981,0.351169,0.486395,449.496002,369.795746
99.490454,0.350914,0.486945,449.170135,369.399628
99.522422,0.350746,0.487377,448.955231,369.088654
99.554493,0.350922,0.487485,449.179657,369.011078
99.590421,0.351159,0.487201,449.483490,369.215057
99.622487,0.351468,0.486453,449.879120,369.753693
99.658422,0.351384,0.486279,449.771118,369.879272
99.690447,0.351194,0.486228,449.527924,369.915558
99.722491,0.351268,0.486487,449.623352,369.729462
99.758534,0.351420,0.486677,449.817169,369.592682
99.790430,0.351466,0.486511,449.876709,369.711884
100.594397,0.445793,0.547061,570.615173,326.115936
101.030405,0.563164,0.534248,720.850342,335.341309
101.078641,0.569834,0.533999,729.387268,335.520935
101.106177,0.575983,0.533881,737.258484,335.605560
101.132243,0.581094,0.533521,743.799805,335.864777
101.166415,0.585566,0.532890,749.524963,336.319092
101.198397,0.589638,0.532252,754.736450,336.778290
101.230421,0.593647,0.530800,759.867737,337.824097
101.266386,0.597525,0.528685,764.831543,339.347137
101.298381,0.601429,0.526232,769.829407,341.113220
101.330408,0.605390,0.524224,774.899780,342.558502
101.366475,0.609346,0.522698,779.962341,343.657288
101.398397,0.613288,0.521228,785.008789,344.715515
101.434397,0.616483,0.520701,789.097900,345.095001
101.466434,0.619330,0.520204,792.742371,345.453400
101.498398,0.621395,0.519535,795.386047,345.934937
101.534441,0.622866,0.518395,797.268677,346.755371
101.566412,0.624350,0.516540,799.167786,348.090881
101.598414,0.625627,0.513868,800.803162,350.015259
101.634455,0.626202,0.510885,801.539062,352.163116
101.666428,0.626486,0.507950,801.902222,354.275665
101.702400,0.626395,0.505558,801.784973,355.998108
101.734416,0.626430,0.503498,801.830139,357.481354
101.766374,0.626513,0.501587,801.936768,358.857269
101.802444,0.626032,0.500433,801.321411,359.688141
101.834412,0.625634,0.499439,800.811890,360.403961
101.866417,0.625000,0.498611,800.000000,361.000000
101.902391,0.624239,0.498198,799.026062,361.297089
101.934428,0.623837,0.497867,798.511108,361.535706
101.970377,0.623834,0.497591,798.507690,361.734406
102.002439,0.624119,0.497327,798.872620,361.924652
102.043952,0.624508,0.497131,799.370728,362.065948
102.088194,0.624673,0.497368,799.580811,361.895111
102.116391,0.624754,0.498161,799.684753,361.324371
102.144457,0.624824,0.498685,799.774841,360.946655
102.170571,0.625219,0.499041,800.280029,360.690521
102.203611,0.625777,0.499210,800.994873,360.568451
102.238383,0.626115,0.499205,801.427612,360.572418
102.270408,0.626100,0.499333,801.407898,360.480194
102.302373,0.626024,0.499459,801.310120,360.389771
102.338390,0.626052,0.499252,801.346558,360.538391
102.370410,0.625962,0.498668,801.231812,360.959381
102.406410,0.625815,0.497880,801.042786,361.526733
102.438380,0.625672,0.497484,800.860474,361.811829
102.470379,0.625481,0.497120,800.615479,362.073273
102.506390,0.625295,0.497073,800.377625,362.107208
102.538633,0.625088,0.497367,800.113098,361.895721
102.570949,0.624811,0.497396,799.757690,361.875214
102.606400,0.624766,0.497407,799.700745,361.867035
102.638363,0.625015,0.497560,800.018860,361.756470
102.674428,0.625363,0.497475,800.464539,361.817719
102.706413,0.625488,0.497663,800.624451,361.682648
102.738376,0.625371,0.498059,800.474609,361.397705
102.774432,0.625370,0.498496,800.473083,361.083160
102.806387,0.625434,0.498547,800.555969,361.045929
102.838453,0.625432,0.498835,800.553284,360.838898
102.874399,0.625369,0.498818,800.472168,360.851227
102.906362,0.625305,0.498820,800.390869,360.849335
102.942405,0.625152,0.498606,800.195068,361.004028
102.974447,0.624865,0.498290,799.826965,361.230988
103.006751,0.624465,0.498365,799.315247,361.177246
104.146324,0.632975,0.398514,810.207642,433.069885
104.187712,0.632667,0.394588,809.813782,435.896393
104.220266,0.631902,0.391724,808.833923,437.958771
104.249473,0.631118,0.389495,807.831055,439.563477
104.282413,0.630475,0.387263,807.008057,441.170349
104.314357,0.630140,0.384845,806.579346,442.911957
104.346357,0.629609,0.382591,805.899780,444.534210
104.382340,0.628921,0.380278,805.019104,446.199585
104.414323,0.628492,0.377492,804.470337,448.206116
104.450442,0.628310,0.374927,804.236877,450.052856
104.482407,0.628065,0.372455,803.923340,451.832520
104.514349,0.627598,0.370975,803.325806,452.897644
104.550406,0.626809,0.369834,802.314880,453.719238
104.582367,0.626242,0.368609,801.589172,454.601562
104.614367,0.625969,0.367287,801.240234,455.553467
104.650408,0.625735,0.366093,800.941284,456.412720
104.682339,0.625527,0.365288,800.675049,456.992432
104.718364,0.625246,0.364672,800.315247,457.435883
104.750354,0.625232,0.364382,800.296692,457.644653
104.782411,0.625546,0.363757,800.699280,458.094818
104.818366,0.626065,0.363239,801.363037,458.467834
104.850384,0.626549,0.363087,801.982849,458.577209
104.882360,0.626926,0.363273,802.465698,458.443329
104.918386,0.627176,0.363721,802.785217,458.120636
104.950408,0.627240,0.364282,802.866882,457.716766
104.986331,0.627346,0.364679,803.002441,457.431091
105.018359,0.627598,0.364710,803.325134,457.409088
105.050309,0.627956,0.364376,803.783630,457.649353
105.086381,0.628299,0.364048,804.222290,457.885376
105.118364,0.628307,0.363820,804.232544,458.049957
105.990378,0.619489,0.308692,792.946411,497.741577
106.034500,0.619034,0.304658,792.363098,500.646301
106.063886,0.618638,0.300892,791.856995,503.358063
106.091558,0.618534,0.297026,791.723083,506.140930
106.122328,0.618676,0.293656,791.905334,508.567841
106.158347,0.618698,0.290507,791.933411,510.834778
106.190293,0.618518,0.288059,791.702454,512.597717
106.226364,0.617939,0.285555,790.961792,514.400146
106.258308,0.617465,0.283164,790.355103,516.121765
106.326407,0.616614,0.277884,789.266541,519.923767
106.359826,0.616304,0.275489,788.869019,521.647583
106.390311,0.615770,0.273448,788.185669,523.117371
106.426388,0.615165,0.272144,787.411804,524.055969
106.458373,0.614681,0.271113,786.791077,524.798401
106.494372,0.614214,0.270357,786.194092,525.343262
106.526308,0.614111,0.269878,786.061951,525.688049
106.558304,0.614235,0.270072,786.221008,525.548218
106.594401,0.614730,0.270143,786.854736,525.497131
106.626320,0.615181,0.270153,787.432312,525.489685
106.658300,0.615701,0.270089,788.097717,525.535828
106.694410,0.616253,0.270213,788.803650,525.446838
106.726356,0.616363,0.269994,788.945190,525.604309
106.762305,0.616318,0.269764,788.886902,525.770142
106.794341,0.616338,0.269925,788.912231,525.653870
106.826886,0.616417,0.270257,789.013306,525.414734
106.862347,0.616449,0.270863,789.054382,524.978699
106.894390,0.616456,0.271395,789.063171,524.595947
106.930333,0.616518,0.271283,789.142578,524.675964
106.962296,0.616598,0.271371,789.245911,524.613220
106.994345,0.616895,0.271288,789.626221,524.672791
107.766293,0.591777,0.215652,757.474182,564.730591
107.809874,0.589976,0.211727,755.168701,567.556213
107.848346,0.589140,0.207340,754.099121,570.715088
107.872427,0.588535,0.202820,753.325317,573.969849
107.898303,0.588160,0.198972,752.844788,576.740479
107.966262,0.587800,0.193723,752.383911,580.519714
108.002306,0.587932,0.192173,752.552429,581.635437
108.066302,0.588843,0.190902,753.719604,582.550293
108.102323,0.589296,0.190870,754.298767,582.573425
108.134312,0.589967,0.190782,755.158081,582.636902
108.166308,0.590759,0.190570,756.171997,582.789551
108.202281,0.591708,0.190947,757.385620,582.518005
108.234259,0.592650,0.191552,758.591553,582.082520
108.302341,0.594719,0.192295,761.240234,581.547241
108.337544,0.595832,0.192395,762.665466,581.475952
108.370282,0.596604,0.192068,763.652832,581.710876
108.402359,0.597285,0.191688,764.525269,581.984680
108.435628,0.597860,0.191522,765.260925,582.104431
108.470257,0.598140,0.192331,765.618958,581.521606
108.502311,0.598364,0.193403,765.905884,580.749817
108.538274,0.598435,0.194223,765.996338,580.159607
108.602282,0.599392,0.195205,767.221741,579.452148
108.671614,0.600763,0.195409,768.976562,579.305847
108.738296,0.601059,0.196604,769.356018,578.445129
108.770336,0.601034,0.197640,769.323364,577.699402
108.806303,0.600969,0.198424,769.240173,577.134949
108.838310,0.601284,0.199310,769.643860,576.496643
108.870371,0.601952,0.200308,770.498535,575.777954
108.906296,0.602839,0.200730,771.634399,575.474487
108.974300,0.604274,0.200744,773.470642,575.464294
110.046333,0.546514,0.302291,699.538269,502.350739
110.124039,0.540541,0.309986,691.892334,496.810272
110.153587,0.537484,0.313088,687.980103,494.576416
110.181647,0.534597,0.315153,684.284668,493.089539
110.214299,0.532181,0.316534,681.191345,492.095764
110.246341,0.530294,0.317451,678.775757,491.435425
110.278332,0.528953,0.317741,677.059509,491.226410
110.314296,0.527807,0.317878,675.592529,491.127502
110.346288,0.526841,0.317958,674.356567,491.070343
110.378256,0.525855,0.317872,673.095032,491.132355
110.414226,0.525005,0.317919,672.006775,491.098022
110.446248,0.524281,0.317738,671.079285,491.228394
110.482250,0.523677,0.317889,670.306213,491.119934
110.514275,0.522784,0.318217,669.164062,490.884064
110.546234,0.522201,0.318491,668.416992,490.686127
110.582251,0.521896,0.318907,668.026245,490.387085
110.614232,0.522090,0.319160,668.274719,490.204956
110.646271,0.522498,0.319538,668.797119,489.932922
110.682260,0.523054,0.319983,669.508606,489.612213
110.714224,0.523302,0.320095,669.825928,489.531799
110.750305,0.523283,0.319641,669.802063,489.858398
110.782260,0.523175,0.319022,669.663757,490.304443
110.814274,0.523002,0.318217,669.442261,490.884094
110.850265,0.522880,0.317156,669.286926,491.647858
110.882285,0.522897,0.315888,669.308044,492.560486
110.914232,0.522968,0.315168,669.398682,493.079315
110.950307,0.523022,0.314772,669.467590,493.363922
110.982250,0.523150,0.314640,669.631470,493.459137
111.018243,0.523266,0.314686,669.780579,493.426056
111.050263,0.523565,0.314861,670.163818,493.299744
111.922273,0.498135,0.354381,637.613098,464.845337
111.964232,0.493024,0.358958,631.070312,461.550323
111.991241,0.488453,0.362868,625.219360,458.734863
112.022294,0.484754,0.366229,620.484802,456.315399
112.054251,0.481549,0.368375,616.382690,454.769928
112.090270,0.478421,0.370393,612.378601,453.317169
112.122255,0.475129,0.372080,608.165100,452.102051
112.154293,0.472009,0.373084,604.171082,451.379242
112.190239,0.468849,0.373882,600.126709,450.805023
112.222255,0.465923,0.374670,596.382019,450.237305
112.258207,0.463302,0.375366,593.026367,449.736389
112.322272,0.459599,0.376519,588.286316,448.906647
112.358238,0.458745,0.376664,587.193909,448.801666
112.390792,0.458581,0.376037,586.984070,449.253357
112.422222,0.458731,0.375566,587.176147,449.592773
112.458245,0.459121,0.375058,587.674255,449.958527
112.490219,0.459324,0.374440,587.934631,450.403076
112.526222,0.459375,0.374396,588.000000,450.435028
112.558280,0.459016,0.374312,587.540283,450.495300
112.590197,0.458636,0.374263,587.054199,450.530945
112.626199,0.458541,0.374430,586.932739,450.410370
112.658200,0.458718,0.374495,587.159180,450.363739
112.690228,0.458968,0.374461,587.479126,450.387909
112.726242,0.459380,0.374622,588.006348,450.272156
112.758232,0.460069,0.374690,588.887939,450.223480
112.794268,0.460923,0.374689,589.980835,450.223572
112.826273,0.461810,0.374371,591.116455,450.452881
112.858284,0.462605,0.374191,592.134766,450.582428
112.894277,0.463100,0.373803,592.767578,450.861725
112.926316,0.463201,0.373611,592.897766,451.000000
113.798246,0.459710,0.411005,588.429382,424.076233
113.844876,0.458251,0.415514,586.560730,420.829712
113.874895,0.456795,0.420317,584.698181,417.371918
113.898549,0.455428,0.424342,582.947632,414.473694
113.930169,0.453774,0.428217,580.830444,411.683655
113.966180,0.451917,0.431380,578.453491,409.406097
113.998168,0.450193,0.434300,576.247437,407.304291
114.034250,0.448790,0.436910,574.451477,405.424927
114.066216,0.447632,0.438862,572.968994,404.019135
114.098163,0.446484,0.440544,571.499268,402.808380
114.134171,0.445287,0.441792,569.966980,401.909790
114.166200,0.444018,0.442845,568.342773,401.151825
114.198200,0.442692,0.443862,566.645630,400.419525
114.234234,0.441650,0.444463,565.312500,399.986298
114.266200,0.441206,0.445091,564.743530,399.534210
114.302233,0.441278,0.445731,564.835388,399.073639
114.334230,0.441755,0.446041,565.446167,398.850525
114.366234,0.442571,0.446481,566.490723,398.533936
114.402256,0.443450,0.446719,567.615662,398.362213
114.434203,0.444163,0.447145,568.529114,398.055389
114.529923,0.445698,0.447657,570.494019,397.687134
114.589426,0.447534,0.448085,572.843140,397.378876
114.618067,0.448292,0.447880,573.813599,397.526703
114.647242,0.448960,0.447862,574.668396,397.539429
114.675881,0.449480,0.448074,575.334106,397.386963
114.704387,0.449796,0.448845,575.738647,396.831421
114.734175,0.449977,0.449609,575.969971,396.281799
114.770185,0.450200,0.450105,576.256470,395.924072
114.802199,0.450585,0.450129,576.748596,395.907227
114.838247,0.451047,0.449548,577.340698,396.325623
115.606177,0.449722,0.505020,575.644165,356.385590
115.650191,0.448733,0.513496,574.378296,350.282654
115.679660,0.447057,0.522329,572.232483,343.922943
115.708272,0.444465,0.531407,568.914856,337.386902
115.742254,0.440632,0.540276,564.008728,331.000977
115.774210,0.435721,0.550462,557.722656,323.667023
116.078268,0.421966,0.621848,540.115845,272.269775
116.123607,0.426512,0.625236,545.935120,269.829834
116.151830,0.430958,0.627187,551.626282,268.425079
116.178154,0.434671,0.628291,556.378845,267.630524
116.210229,0.437613,0.627251,560.144775,268.379333
116.242263,0.439870,0.625362,563.033081,269.739380
116.278163,0.441666,0.622144,565.331909,272.056580
116.310185,0.443073,0.618526,567.133972,274.661194
116.346287,0.444659,0.613953,569.163696,277.953583
116.378177,0.446503,0.609026,571.524231,281.501038
116.410157,0.448172,0.604161,573.660706,285.004272
116.446318,0.449751,0.599615,575.681763,288.276978
116.478180,0.451573,0.595272,578.013184,291.404236
116.514149,0.454432,0.591512,581.673218,294.111023
116.546165,0.458508,0.586973,586.889709,297.379669
116.578269,0.463540,0.582088,593.331604,300.896820
116.614155,0.469578,0.576275,601.060242,305.082336
116.646170,0.476465,0.569460,609.874573,309.988922
116.678128,0.483804,0.561900,619.268799,315.431641
